{
    "rf": {
        "train_rmse": 17.87540997027854,
        "test_rmse": 24.10798224367312,
        "train_r2": 0.8108178424959943,
        "test_r2": 0.6883847721483343,
        "train_mae": 6.417632411446309,
        "test_mae": 8.341411586475806
    },
    "xgb": {
        "train_rmse": 10.167621910086776,
        "test_rmse": 26.69966086321099,
        "train_r2": 0.9387921776461151,
        "test_r2": 0.6177843754068503,
        "train_mae": 4.999861813283757,
        "test_mae": 8.890280583797907
    },
    "lgb": {
        "train_rmse": 17.48072424503647,
        "test_rmse": 24.063027802119052,
        "train_r2": 0.8190798264103467,
        "test_r2": 0.6895458338671174,
        "train_mae": 6.832141741040986,
        "test_mae": 8.231959760598711
    },
    "ensemble": {
        "train_rmse": 14.829467913195721,
        "test_rmse": 24.27767885400626,
        "train_r2": 0.8697975101797473,
        "test_r2": 0.6839823995846951,
        "train_mae": 5.971029169830401,
        "test_mae": 8.386470757067627
    }
}