{
    "rf": {
        "train_rmse": 2.5765009280264306,
        "test_rmse": 2.2475783231888276,
        "train_r2": 0.3481038045278285,
        "test_r2": 0.13882065777774988,
        "train_mae": 0.12050059693799112,
        "test_mae": 0.12833335239252056
    },
    "xgb": {
        "train_rmse": 2.530517373121159,
        "test_rmse": 2.4619935265474946,
        "train_r2": 0.3711653175392584,
        "test_r2": -0.03332692818704608,
        "train_mae": 0.13053531895827203,
        "test_mae": 0.14077291471005265
    },
    "lgb": {
        "train_rmse": 2.882745055097634,
        "test_rmse": 2.1676031011037566,
        "train_r2": 0.1839245527506781,
        "test_r2": 0.19901670058956566,
        "train_mae": 0.13952980593514974,
        "test_mae": 0.13522361577731698
    },
    "ensemble": {
        "train_rmse": 2.569913405582068,
        "test_rmse": 2.2075856651023056,
        "train_r2": 0.3514330413998864,
        "test_r2": 0.16919507110268883,
        "train_mae": 0.12520757917861866,
        "test_mae": 0.13093058894105475
    }
}