{
    "rf": {
        "train_rmse": 1.2014812253448055,
        "test_rmse": 2.1172366330473693,
        "train_r2": 0.29714873045364865,
        "test_r2": 0.0403188113342422,
        "train_mae": 0.030252978080744727,
        "test_mae": 0.037591981688214884
    },
    "xgb": {
        "train_rmse": 1.045007591943696,
        "test_rmse": 2.154022468253164,
        "train_r2": 0.4682979347411942,
        "test_r2": 0.006681233103155604,
        "train_mae": 0.030800151192062246,
        "test_mae": 0.03982506929253483
    },
    "lgb": {
        "train_rmse": 1.320357291998332,
        "test_rmse": 2.117299327007353,
        "train_r2": 0.1511862764064097,
        "test_r2": 0.0402619758309285,
        "train_mae": 0.03453025635614503,
        "test_mae": 0.03917615557861169
    },
    "ensemble": {
        "train_rmse": 1.1626791287737228,
        "test_rmse": 2.117909733141579,
        "train_r2": 0.34181313807673275,
        "test_r2": 0.03970852132823954,
        "train_mae": 0.030662706194848822,
        "test_mae": 0.03805234182621475
    }
}