{
    "rf": {
        "train_rmse": 20.174167198852853,
        "test_rmse": 24.60039119633215,
        "train_r2": 0.8549927165236901,
        "test_r2": 0.7784747224241269,
        "train_mae": 8.131758878662406,
        "test_mae": 9.621253451512903
    },
    "xgb": {
        "train_rmse": 22.10638107867479,
        "test_rmse": 24.148082937021492,
        "train_r2": 0.8258859211371427,
        "test_r2": 0.7865458610654132,
        "train_mae": 8.971676848465883,
        "test_mae": 9.411844349175672
    },
    "lgb": {
        "train_rmse": 23.08319255832973,
        "test_rmse": 24.112659013964052,
        "train_r2": 0.810158859688747,
        "test_r2": 0.7871716529301347,
        "train_mae": 9.211662827487139,
        "test_mae": 9.389225609202706
    },
    "ensemble": {
        "train_rmse": 21.14480328385807,
        "test_rmse": 24.184040928030424,
        "train_r2": 0.8407036285569822,
        "test_r2": 0.7859096949077733,
        "train_mae": 8.540387137969015,
        "test_mae": 9.449949044484015
    }
}