{
    "rf": {
        "train_rmse": 16.765786088281505,
        "test_rmse": 19.86622272088239,
        "train_r2": 0.7574588643225072,
        "test_r2": 0.6510823677496588,
        "train_mae": 5.5748028205964495,
        "test_mae": 6.306475876798311
    },
    "xgb": {
        "train_rmse": 18.54792260908591,
        "test_rmse": 19.69707747341341,
        "train_r2": 0.7031561090814459,
        "test_r2": 0.6569985920061532,
        "train_mae": 6.094630330908608,
        "test_mae": 6.246855753264522
    },
    "lgb": {
        "train_rmse": 19.06556692077338,
        "test_rmse": 19.650129414426686,
        "train_r2": 0.6863559792691827,
        "test_r2": 0.6586317337021799,
        "train_mae": 6.191989570228464,
        "test_mae": 6.254482057803801
    },
    "ensemble": {
        "train_rmse": 17.639228375293328,
        "test_rmse": 19.65767538916516,
        "train_r2": 0.7315294012327272,
        "test_r2": 0.658369501239016,
        "train_mae": 5.821344039311043,
        "test_mae": 6.243458749869852
    }
}