{
    "rf": {
        "train_rmse": 1.7867118867291745,
        "test_rmse": 2.3239269399921283,
        "train_r2": 0.5610443216869856,
        "test_r2": 0.493963277178776,
        "train_mae": 0.26190691613118183,
        "test_mae": 0.3228916546272504
    },
    "xgb": {
        "train_rmse": 1.1951556521991926,
        "test_rmse": 2.801255627721579,
        "train_r2": 0.8035913740386378,
        "test_r2": 0.26473722741640704,
        "train_mae": 0.2637688759795893,
        "test_mae": 0.33215970614866197
    },
    "lgb": {
        "train_rmse": 1.920074361282387,
        "test_rmse": 2.7288135624071526,
        "train_r2": 0.4930703249396019,
        "test_r2": 0.30227413421639426,
        "train_mae": 0.29828848367199445,
        "test_mae": 0.32950636745868134
    },
    "ensemble": {
        "train_rmse": 1.5172264847385477,
        "test_rmse": 2.4936213831217717,
        "train_r2": 0.6834717706811264,
        "test_r2": 0.4173629201079747,
        "train_mae": 0.2657897340968846,
        "test_mae": 0.3209629180216486
    }
}