{
    "rf": {
        "train_rmse": 16.167281620425104,
        "test_rmse": 23.525146644801445,
        "train_r2": 0.8291979787034832,
        "test_r2": 0.6567574458285929,
        "train_mae": 6.862181279856388,
        "test_mae": 8.567105634214142
    },
    "xgb": {
        "train_rmse": 8.303544171914687,
        "test_rmse": 23.613721308405214,
        "train_r2": 0.9549446881877637,
        "test_r2": 0.6541678910241442,
        "train_mae": 4.957723908631032,
        "test_mae": 8.560681445913842
    },
    "lgb": {
        "train_rmse": 16.208012941602746,
        "test_rmse": 24.17289048330766,
        "train_r2": 0.8283362685211614,
        "test_r2": 0.6375954719281702,
        "train_mae": 7.511187058860644,
        "test_mae": 8.748971640056348
    },
    "ensemble": {
        "train_rmse": 13.155953770909555,
        "test_rmse": 23.19424702271569,
        "train_r2": 0.8868997209365763,
        "test_r2": 0.6663454875550858,
        "train_mae": 6.320315627493962,
        "test_mae": 8.413391127718183
    }
}