{
    "rf": {
        "train_rmse": 17.004295516314688,
        "test_rmse": 21.369312195910847,
        "train_r2": 0.7607384952173821,
        "test_r2": 0.6148141990808074,
        "train_mae": 6.369887671202712,
        "test_mae": 7.833337805443578
    },
    "xgb": {
        "train_rmse": 15.660375020484071,
        "test_rmse": 21.359635181493935,
        "train_r2": 0.7970636439696797,
        "test_r2": 0.6151629800367724,
        "train_mae": 6.697925516416127,
        "test_mae": 7.822216619676612
    },
    "lgb": {
        "train_rmse": 18.47162506303773,
        "test_rmse": 21.05938565642307,
        "train_r2": 0.7176643290933368,
        "test_r2": 0.62590614266403,
        "train_mae": 7.323768484126993,
        "test_mae": 7.781731792526622
    },
    "ensemble": {
        "train_rmse": 16.508556146232237,
        "test_rmse": 21.08921354956227,
        "train_r2": 0.7744858878578128,
        "test_r2": 0.6248456811653291,
        "train_mae": 6.585504474305647,
        "test_mae": 7.7503302504165426
    }
}