{
    "rf": {
        "train_rmse": 3.83988286034806,
        "test_rmse": 4.313360590501891,
        "train_r2": 0.5598537356433488,
        "test_r2": 0.4063021137218834,
        "train_mae": 0.507624622282499,
        "test_mae": 0.5496607367549767
    },
    "xgb": {
        "train_rmse": 4.141409731338977,
        "test_rmse": 4.312119706833362,
        "train_r2": 0.4880147285045884,
        "test_r2": 0.406643659032518,
        "train_mae": 0.544045501570898,
        "test_mae": 0.5528912853767394
    },
    "lgb": {
        "train_rmse": 4.272433086319309,
        "test_rmse": 4.295352069246327,
        "train_r2": 0.4551065246753473,
        "test_r2": 0.41124920855584857,
        "train_mae": 0.5517510580974513,
        "test_mae": 0.5534038776195811
    },
    "ensemble": {
        "train_rmse": 3.954091663477266,
        "test_rmse": 4.2609327143441496,
        "train_r2": 0.533282017902566,
        "test_r2": 0.420646916151154,
        "train_mae": 0.5232291299816249,
        "test_mae": 0.5471075644128011
    }
}