{
    "rf": {
        "train_rmse": 21.91021549012783,
        "test_rmse": 28.903296136504874,
        "train_r2": 0.8348675204878171,
        "test_r2": 0.7461586500261308,
        "train_mae": 7.958067999487069,
        "test_mae": 11.173705322048585
    },
    "xgb": {
        "train_rmse": 19.209257543409972,
        "test_rmse": 30.038167079956764,
        "train_r2": 0.8730711449063173,
        "test_r2": 0.7258334413430443,
        "train_mae": 7.048021334171824,
        "test_mae": 12.027179402152608
    },
    "lgb": {
        "train_rmse": 23.48642814622132,
        "test_rmse": 29.23475308185883,
        "train_r2": 0.8102537719547146,
        "test_r2": 0.7403032684422397,
        "train_mae": 8.564283907899759,
        "test_mae": 11.55216701437638
    },
    "ensemble": {
        "train_rmse": 20.47277416481688,
        "test_rmse": 28.62032368868591,
        "train_r2": 0.8558241250513875,
        "test_r2": 0.7511046941061852,
        "train_mae": 7.652946219583843,
        "test_mae": 11.346292223527875
    }
}