{
    "rf": {
        "train_rmse": 14.663830579987206,
        "test_rmse": 16.99449721145209,
        "train_r2": 0.7840454321565298,
        "test_r2": 0.7224847118906156,
        "train_mae": 4.929158956001765,
        "test_mae": 5.813184713935174
    },
    "xgb": {
        "train_rmse": 14.371342988469774,
        "test_rmse": 17.11132640208219,
        "train_r2": 0.792574457381023,
        "test_r2": 0.7186560220838546,
        "train_mae": 5.288501505108279,
        "test_mae": 5.772198136010227
    },
    "lgb": {
        "train_rmse": 16.144357467852934,
        "test_rmse": 16.883276873686455,
        "train_r2": 0.738236519687363,
        "test_r2": 0.7261052185415897,
        "train_mae": 5.628338908339946,
        "test_mae": 5.741381537133065
    },
    "ensemble": {
        "train_rmse": 14.606248390894908,
        "test_rmse": 16.785903127352636,
        "train_r2": 0.7857381305869712,
        "test_r2": 0.7292554661541775,
        "train_mae": 5.126158284038713,
        "test_mae": 5.728352138286954
    }
}