{
    "rf": {
        "train_rmse": 14.939337426027945,
        "test_rmse": 19.964553441423817,
        "train_r2": 0.7986386812463108,
        "test_r2": 0.6626166459438623,
        "train_mae": 5.283431273832571,
        "test_mae": 6.788328889054089
    },
    "xgb": {
        "train_rmse": 13.277947266056447,
        "test_rmse": 20.41698461581939,
        "train_r2": 0.8409347718379023,
        "test_r2": 0.6471520054393471,
        "train_mae": 5.335216957376564,
        "test_mae": 6.772468966217489
    },
    "lgb": {
        "train_rmse": 16.2522367393566,
        "test_rmse": 19.658853821138095,
        "train_r2": 0.7616914338939782,
        "test_r2": 0.6728696509146077,
        "train_mae": 6.008363764036786,
        "test_mae": 6.612504115356548
    },
    "ensemble": {
        "train_rmse": 14.284606837893927,
        "test_rmse": 19.624702918733,
        "train_r2": 0.8159016242138238,
        "test_r2": 0.674005230133481,
        "train_mae": 5.362690168003153,
        "test_mae": 6.650988581016134
    }
}