{
    "rf": {
        "train_rmse": 14.955275335949823,
        "test_rmse": 17.513130390759997,
        "train_r2": 0.721261847388071,
        "test_r2": 0.6252010908984093,
        "train_mae": 5.095136087003548,
        "test_mae": 5.606521759223738
    },
    "xgb": {
        "train_rmse": 16.501298375592526,
        "test_rmse": 17.300778115628894,
        "train_r2": 0.6606531472492547,
        "test_r2": 0.6342350986286915,
        "train_mae": 5.47849070571355,
        "test_mae": 5.577653263250617
    },
    "lgb": {
        "train_rmse": 16.766116639047603,
        "test_rmse": 17.2875267377221,
        "train_r2": 0.6496738490521863,
        "test_r2": 0.6347951928261764,
        "train_mae": 5.5298329293557265,
        "test_mae": 5.588866973052772
    },
    "ensemble": {
        "train_rmse": 15.691025944517508,
        "test_rmse": 17.31496174453055,
        "train_r2": 0.6931612024208578,
        "test_r2": 0.6336351255906428,
        "train_mae": 5.277610856377852,
        "test_mae": 5.573543380330859
    }
}