{
    "rf": {
        "train_rmse": 16.97612106974954,
        "test_rmse": 19.101824117200962,
        "train_r2": 0.7303602582065997,
        "test_r2": 0.6577932221157465,
        "train_mae": 6.025032902283103,
        "test_mae": 6.545021880044459
    },
    "xgb": {
        "train_rmse": 18.665143976433953,
        "test_rmse": 18.94411075001159,
        "train_r2": 0.6740359813110267,
        "test_r2": 0.6634207244963598,
        "train_mae": 6.458905040469045,
        "test_mae": 6.508445380841777
    },
    "lgb": {
        "train_rmse": 18.94876497572608,
        "test_rmse": 18.931086795839462,
        "train_r2": 0.6640545269188514,
        "test_r2": 0.6638833575828393,
        "train_mae": 6.514945324389259,
        "test_mae": 6.5192426182188425
    },
    "ensemble": {
        "train_rmse": 17.784769169622653,
        "test_rmse": 18.929156785482366,
        "train_r2": 0.7040601560361188,
        "test_r2": 0.6639518877776847,
        "train_mae": 6.229590582606428,
        "test_mae": 6.503155158111515
    }
}