{
    "rf": {
        "train_rmse": 23.955313460235494,
        "test_rmse": 29.043478125909118,
        "train_r2": 0.9020656077951739,
        "test_r2": 0.8665999114704335,
        "train_mae": 7.515813044428328,
        "test_mae": 9.40951187355733
    },
    "xgb": {
        "train_rmse": 14.413960412124606,
        "test_rmse": 29.456739031588278,
        "train_r2": 0.9645433119760025,
        "test_r2": 0.8627765912799746,
        "train_mae": 5.79047599141525,
        "test_mae": 9.349821523539173
    },
    "lgb": {
        "train_rmse": 22.96490588016767,
        "test_rmse": 27.30893978725567,
        "train_r2": 0.9099961979303544,
        "test_r2": 0.882057983530865,
        "train_mae": 7.953315103519627,
        "test_mae": 9.135385260410185
    },
    "ensemble": {
        "train_rmse": 20.088016365729683,
        "test_rmse": 27.68489403605314,
        "train_r2": 0.9311338786849132,
        "test_r2": 0.8787882838626192,
        "train_mae": 6.9568629963261,
        "test_mae": 9.169799049597337
    }
}