{
    "rf": {
        "train_rmse": 29.15188211265374,
        "test_rmse": 37.16690509442556,
        "train_r2": 0.9003301941276137,
        "test_r2": 0.835877693397684,
        "train_mae": 13.472659247367575,
        "test_mae": 19.11327524881314
    },
    "xgb": {
        "train_rmse": 6.781129188920923,
        "test_rmse": 44.99765420503332,
        "train_r2": 0.9946069499484266,
        "test_r2": 0.7594338252718227,
        "train_mae": 4.44393584061317,
        "test_mae": 23.020085971279922
    },
    "lgb": {
        "train_rmse": 24.196601763148596,
        "test_rmse": 40.069342999692424,
        "train_r2": 0.9313344081389534,
        "test_r2": 0.8092435385284602,
        "train_mae": 12.092646242690414,
        "test_mae": 20.30121458819282
    },
    "ensemble": {
        "train_rmse": 20.45451613921004,
        "test_rmse": 39.02301871679452,
        "train_r2": 0.9509308160653048,
        "test_r2": 0.8190758507943812,
        "train_mae": 10.245506191675396,
        "test_mae": 20.193068297663327
    }
}