{
    "rf": {
        "train_rmse": 1.0360535836111981,
        "test_rmse": 2.0119874479821283,
        "train_r2": 0.597716944834241,
        "test_r2": 0.4840593957448307,
        "train_mae": 0.5027601949923727,
        "test_mae": 0.7689038415088124
    },
    "xgb": {
        "train_rmse": 0.26758081879637596,
        "test_rmse": 1.9971000114604125,
        "train_r2": 0.9731665037803056,
        "test_r2": 0.49166641695736313,
        "train_mae": 0.17393071216995187,
        "test_mae": 0.7796076544197151
    },
    "lgb": {
        "train_rmse": 0.9269733885714642,
        "test_rmse": 2.114596103639479,
        "train_r2": 0.6779659168721253,
        "test_r2": 0.43009295021818506,
        "train_mae": 0.47610200264798624,
        "test_mae": 0.8364023820830484
    },
    "ensemble": {
        "train_rmse": 0.7474098796206345,
        "test_rmse": 1.996362306949536,
        "train_r2": 0.7906442112436161,
        "test_r2": 0.4920418921112045,
        "train_mae": 0.3927222414914961,
        "test_mae": 0.7775571384712169
    }
}