{
    "rf": {
        "train_rmse": 12.550169862477528,
        "test_rmse": 13.97215808876389,
        "train_r2": 0.7505073844084632,
        "test_r2": 0.6869313553319277,
        "train_mae": 3.355788654948372,
        "test_mae": 3.594346121805922
    },
    "xgb": {
        "train_rmse": 13.881366086835598,
        "test_rmse": 13.90959566140547,
        "train_r2": 0.694773031098292,
        "test_r2": 0.6897287018614382,
        "train_mae": 3.5889563266638316,
        "test_mae": 3.5958778422642275
    },
    "lgb": {
        "train_rmse": 13.985073891694727,
        "test_rmse": 13.940292179680734,
        "train_r2": 0.6901952879644773,
        "test_r2": 0.6883577406713082,
        "train_mae": 3.6201887297966526,
        "test_mae": 3.617449885875815
    },
    "ensemble": {
        "train_rmse": 13.168168246480562,
        "test_rmse": 13.881446195414322,
        "train_r2": 0.7253312685077387,
        "test_r2": 0.6909832507217599,
        "train_mae": 3.4649362542177626,
        "test_mae": 3.5848180640162255
    }
}