{
    "rf": {
        "train_rmse": 19.010024462059512,
        "test_rmse": 20.100290589161553,
        "train_r2": 0.7427010035738204,
        "test_r2": 0.7129185804939582,
        "train_mae": 5.746487260244644,
        "test_mae": 5.958784308100257
    },
    "xgb": {
        "train_rmse": 20.088903685337844,
        "test_rmse": 20.293144638304387,
        "train_r2": 0.7126671940309306,
        "test_r2": 0.7073832957887198,
        "train_mae": 5.994018093832259,
        "test_mae": 6.028355589081824
    },
    "lgb": {
        "train_rmse": 20.22469391029533,
        "test_rmse": 20.29177246628231,
        "train_r2": 0.7087696340710296,
        "test_r2": 0.7074228664799025,
        "train_mae": 6.049380899343601,
        "test_mae": 6.058047527506286
    }
}