{
    "rf": {
        "train_rmse": 13.996265338244616,
        "test_rmse": 22.134520464118143,
        "train_r2": 0.8405435744349663,
        "test_r2": 0.7141364186199803,
        "train_mae": 4.405289928293436,
        "test_mae": 6.44132377523901
    },
    "xgb": {
        "train_rmse": 3.8597042953334237,
        "test_rmse": 22.631285851959333,
        "train_r2": 0.9878737712458897,
        "test_r2": 0.7011611506664546,
        "train_mae": 2.0132247360035924,
        "test_mae": 6.625996903468498
    },
    "lgb": {
        "train_rmse": 13.272512245995943,
        "test_rmse": 23.881862892199496,
        "train_r2": 0.8566083178038923,
        "test_r2": 0.6672217017209382,
        "train_mae": 4.478957153185496,
        "test_mae": 7.062128955885908
    },
    "ensemble": {
        "train_rmse": 10.228761777687557,
        "test_rmse": 22.331093207949177,
        "train_r2": 0.9148344768070229,
        "test_r2": 0.7090364654839916,
        "train_mae": 3.6071962285613774,
        "test_mae": 6.465344079896054
    }
}