{
    "rf": {
        "train_rmse": 11.149247482394868,
        "test_rmse": 22.777656073181493,
        "train_r2": 0.8001409551644673,
        "test_r2": 0.5593625085806123,
        "train_mae": 3.1759261131792975,
        "test_mae": 5.586890333927553
    },
    "xgb": {
        "train_rmse": 2.3053432378593937,
        "test_rmse": 17.6929968020725,
        "train_r2": 0.9914551609336489,
        "test_r2": 0.7341319306282186,
        "train_mae": 1.3618204679861607,
        "test_mae": 5.481208618040438
    },
    "lgb": {
        "train_rmse": 13.772756291036275,
        "test_rmse": 27.905441604210893,
        "train_r2": 0.6950178501199737,
        "test_r2": 0.33863503779973003,
        "train_mae": 3.861814408531974,
        "test_mae": 6.506776852500167
    },
    "ensemble": {
        "train_rmse": 8.245743564289466,
        "test_rmse": 21.59325939530375,
        "train_r2": 0.890681831981512,
        "test_r2": 0.6039958040318059,
        "train_mae": 2.682939056258686,
        "test_mae": 5.594939868307817
    }
}