{
    "rf": {
        "train_rmse": 11.734463261149132,
        "test_rmse": 11.489204917945361,
        "train_r2": 0.7057822403382468,
        "test_r2": 0.640637033795113,
        "train_mae": 2.4809760699474115,
        "test_mae": 2.933076013555837
    },
    "xgb": {
        "train_rmse": 3.146990976601452,
        "test_rmse": 12.17456860450573,
        "train_r2": 0.9788391348149852,
        "test_r2": 0.5964842125998149,
        "train_mae": 1.5809443782837196,
        "test_mae": 3.1256581446384093
    },
    "lgb": {
        "train_rmse": 11.907310893488487,
        "test_rmse": 11.97492490634316,
        "train_r2": 0.6970507993276778,
        "test_r2": 0.609609747199413,
        "train_mae": 2.8088846008556696,
        "test_mae": 3.080684161938199
    },
    "ensemble": {
        "train_rmse": 8.660375675461141,
        "test_rmse": 11.64257230872229,
        "train_r2": 0.83974341344469,
        "test_r2": 0.6309788514947505,
        "train_mae": 2.2119852242194624,
        "test_mae": 2.960979642943979
    }
}